timestamp,scenario_id,call_id,model,endpoint,prompt_tokens,completion_tokens,total_tokens,latency_ms,status,notes
2025-12-13T13:38:22.155250,62fc5d8b-848b-4628-a7e7-7d49d939bb6e,a0dbbcc0-2e0f-41c6-8cde-c2d4b4fc540c,llama3.1:8b,ollama,482,98,580,10806.47,SUCCESS,planner_agent
2025-12-13T13:38:23.143156,62fc5d8b-848b-4628-a7e7-7d49d939bb6e,7725af62-01c5-4efb-98f5-95ad53b4a039,llama3.1:8b,ollama,92,3,95,980.61,SUCCESS,city_resolver
2025-12-13T13:38:24.099765,62fc5d8b-848b-4628-a7e7-7d49d939bb6e,b8ead9c4-6482-4672-acab-18c2030d606d,llama3.1:8b,ollama,89,3,92,954.83,SUCCESS,city_resolver
2025-12-13T13:38:33.731897,62fc5d8b-848b-4628-a7e7-7d49d939bb6e,33198110-f812-4ccf-a9c2-f02d2ea57144,llama3.1:8b,ollama,269,87,356,9626.31,SUCCESS,passenger_agent
2025-12-13T13:40:27.108567,62fc5d8b-848b-4628-a7e7-7d49d939bb6e,e83d8705-ca7e-442f-89b5-b42d9d0fa84a,llama3.1:8b,ollama,448,1140,1588,113368.78,SUCCESS,flight_agent
2025-12-13T13:40:38.282509,62fc5d8b-848b-4628-a7e7-7d49d939bb6e,76dfd2bb-773d-46bc-a877-ff910b7682c7,llama3.1:8b,ollama,765,68,833,11169.11,SUCCESS,flight_agent
2025-12-13T13:41:10.387336,62fc5d8b-848b-4628-a7e7-7d49d939bb6e,564b1ad3-14f2-4f24-bd57-bf968aa30b71,llama3.1:8b,ollama,99,410,509,32098.91,SUCCESS,hotel_agent
2025-12-13T13:41:21.608097,62fc5d8b-848b-4628-a7e7-7d49d939bb6e,5e0d5375-6fc1-4989-a9e3-ab633767b1f0,llama3.1:8b,ollama,496,82,578,11203.45,SUCCESS,seq:step:2
2025-12-13T13:41:32.964585,a013adbf-f2f9-4388-9722-d40ee5e240b6,6c0b3556-2a50-4a08-ad7d-b7c1ad6a342e,llama3.1:8b,ollama,478,100,578,11345.51,SUCCESS,planner_agent
2025-12-13T13:41:33.989072,a013adbf-f2f9-4388-9722-d40ee5e240b6,a5088654-df1c-4451-8a06-064b965bfbb5,llama3.1:8b,ollama,87,3,90,1018.85,SUCCESS,city_resolver
2025-12-13T13:41:34.898769,a013adbf-f2f9-4388-9722-d40ee5e240b6,49177435-db77-4663-b99c-360e1fe29a26,llama3.1:8b,ollama,85,2,87,908.66,SUCCESS,city_resolver
2025-12-13T13:41:42.838383,a013adbf-f2f9-4388-9722-d40ee5e240b6,4273c0fd-5b10-4fce-9d74-b2567e657757,llama3.1:8b,ollama,265,77,342,7929.48,SUCCESS,passenger_agent
2025-12-13T13:43:18.969520,a013adbf-f2f9-4388-9722-d40ee5e240b6,c9c37ab6-4a3c-48e5-9594-cc8d975dfd6c,llama3.1:8b,ollama,449,1128,1577,96122.47,SUCCESS,flight_agent
2025-12-13T13:43:29.574944,a013adbf-f2f9-4388-9722-d40ee5e240b6,ed1f5c3c-2db6-4150-b7c1-946956e0bbe3,llama3.1:8b,ollama,772,66,838,10601.80,SUCCESS,flight_agent
2025-12-13T13:43:54.923104,a013adbf-f2f9-4388-9722-d40ee5e240b6,4531069b-4805-4235-846e-c1b8c8c16b48,llama3.1:8b,ollama,98,332,430,25338.48,SUCCESS,hotel_agent
2025-12-13T13:44:07.854689,a013adbf-f2f9-4388-9722-d40ee5e240b6,5cae07c0-b9ff-4397-87a9-343118532ca7,llama3.1:8b,ollama,492,121,613,12915.51,SUCCESS,seq:step:2
2025-12-13T13:44:18.271501,f3881d73-a370-4820-ac7d-0738be585e22,47b16242-7871-40ff-9935-cfe58419a2e0,llama3.1:8b,ollama,464,92,556,10407.50,SUCCESS,planner_agent
2025-12-13T13:44:19.598816,f3881d73-a370-4820-ac7d-0738be585e22,21537769-36f4-46a1-b4aa-e03bf65a1044,llama3.1:8b,ollama,103,3,106,1184.91,SUCCESS,city_resolver
2025-12-13T13:44:20.519303,f3881d73-a370-4820-ac7d-0738be585e22,4f360124-2dc3-4b1c-9b76-91f0c46fcffb,llama3.1:8b,ollama,89,3,92,918.51,SUCCESS,city_resolver
2025-12-13T13:44:32.455364,f3881d73-a370-4820-ac7d-0738be585e22,4e9c5b42-49e4-4934-9698-5de6e00c6d1e,llama3.1:8b,ollama,251,136,387,11930.37,SUCCESS,passenger_agent
2025-12-13T13:56:03.353960,f3881d73-a370-4820-ac7d-0738be585e22,b4715408-5a73-40aa-a785-c357ba325bff,llama3.1:8b,ollama,449,6952,7401,690890.92,SUCCESS,flight_agent
2025-12-13T13:56:13.750665,f3881d73-a370-4820-ac7d-0738be585e22,e0f6d90f-bee7-4326-9b09-1b5870cfd4f2,llama3.1:8b,ollama,472,94,566,10375.43,SUCCESS,seq:step:2
2025-12-13T13:56:24.309586,4a455f2d-055e-41ff-8e45-a6ba802f57f8,7d83b18d-84e2-42b0-bf9c-99aafdee24eb,llama3.1:8b,ollama,473,95,568,10550.31,SUCCESS,planner_agent
2025-12-13T13:56:25.291880,4a455f2d-055e-41ff-8e45-a6ba802f57f8,ee27ea99-7cfd-4ab4-9e97-207bbbc19f7b,llama3.1:8b,ollama,89,3,92,976.69,SUCCESS,city_resolver
2025-12-13T13:56:26.222516,4a455f2d-055e-41ff-8e45-a6ba802f57f8,581f268a-ca3c-4bda-8c6f-cb01f17fd430,llama3.1:8b,ollama,89,3,92,927.99,SUCCESS,city_resolver
2025-12-13T13:56:39.536197,4a455f2d-055e-41ff-8e45-a6ba802f57f8,41e902d5-3552-48d2-8374-6c7ffe683ab6,llama3.1:8b,ollama,260,149,409,13308.25,SUCCESS,passenger_agent
2025-12-13T13:58:14.599035,4a455f2d-055e-41ff-8e45-a6ba802f57f8,6779d06a-e177-47da-a9e5-e374376875c9,llama3.1:8b,ollama,448,1150,1598,95054.18,SUCCESS,flight_agent
2025-12-13T13:58:25.914433,4a455f2d-055e-41ff-8e45-a6ba802f57f8,63487b20-d001-446f-9a28-25bdc3894fa4,llama3.1:8b,ollama,782,67,849,11312.47,SUCCESS,flight_agent
2025-12-13T13:58:57.877859,4a455f2d-055e-41ff-8e45-a6ba802f57f8,bdcd0acc-30ef-43a3-aba2-c81c7895a449,llama3.1:8b,ollama,99,404,503,31955.21,SUCCESS,hotel_agent
2025-12-13T13:59:08.990122,4a455f2d-055e-41ff-8e45-a6ba802f57f8,1aa3fd4b-cce4-4f3e-a236-6c91c32f9eef,llama3.1:8b,ollama,487,97,584,11105.55,SUCCESS,seq:step:2
2025-12-13T13:59:19.937206,562e3649-5bfd-4d66-89c0-b45e4fd8aeba,9ad5c5d3-95a0-4772-9273-7abccf4907d7,llama3.1:8b,ollama,470,98,568,10943.57,SUCCESS,planner_agent
2025-12-13T13:59:20.975470,562e3649-5bfd-4d66-89c0-b45e4fd8aeba,32a92821-d177-437e-91cb-7c7601294743,llama3.1:8b,ollama,91,3,94,1030.91,SUCCESS,city_resolver
2025-12-13T13:59:21.938071,562e3649-5bfd-4d66-89c0-b45e4fd8aeba,27f27c7e-a0a3-4b45-9f55-34151ed8dc7b,llama3.1:8b,ollama,91,3,94,961.73,SUCCESS,city_resolver
2025-12-13T13:59:30.116449,562e3649-5bfd-4d66-89c0-b45e4fd8aeba,3ce5fd26-970d-45fd-af63-3ab9fa91b84d,llama3.1:8b,ollama,257,86,343,8169.97,SUCCESS,passenger_agent
2025-12-13T14:01:42.827794,562e3649-5bfd-4d66-89c0-b45e4fd8aeba,f5c4ecbc-89d2-40cf-952f-0e35be74eda2,llama3.1:8b,ollama,449,1611,2060,132704.47,SUCCESS,flight_agent
2025-12-13T14:01:54.877973,562e3649-5bfd-4d66-89c0-b45e4fd8aeba,eba1beee-17cc-41db-85d3-99caf883986f,llama3.1:8b,ollama,977,64,1041,12047.74,SUCCESS,flight_agent
2025-12-13T14:02:22.726864,562e3649-5bfd-4d66-89c0-b45e4fd8aeba,e49ae442-da7d-4647-8483-78bb1b60399d,llama3.1:8b,ollama,99,358,457,27835.93,SUCCESS,hotel_agent
2025-12-13T14:02:42.244727,562e3649-5bfd-4d66-89c0-b45e4fd8aeba,742a7a81-0b4f-4344-adcd-93599eb22335,llama3.1:8b,ollama,484,203,687,19503.76,SUCCESS,seq:step:2
2025-12-13T14:02:52.996531,2a3ff717-e7b9-4f22-9d0f-38f790a62268,72e01b7e-da43-4f88-ac19-3ab381fb4ec3,llama3.1:8b,ollama,469,93,562,10740.23,SUCCESS,planner_agent
2025-12-13T14:02:53.997633,2a3ff717-e7b9-4f22-9d0f-38f790a62268,1fbd08fa-780e-4aa2-9cde-126d50a45137,llama3.1:8b,ollama,87,3,90,993.59,SUCCESS,city_resolver
2025-12-13T14:02:54.950003,2a3ff717-e7b9-4f22-9d0f-38f790a62268,6d9b443d-f649-4bbf-b6b1-fff465322a90,llama3.1:8b,ollama,83,3,86,949.91,SUCCESS,city_resolver
2025-12-13T14:03:06.681522,2a3ff717-e7b9-4f22-9d0f-38f790a62268,bb5b45a3-4dd5-4366-a976-7a81a617e777,llama3.1:8b,ollama,256,131,387,11725.26,SUCCESS,passenger_agent
2025-12-13T15:14:59.094873,2a3ff717-e7b9-4f22-9d0f-38f790a62268,d1b7f52f-0dd4-4187-b401-e0adc2e071de,llama3.1:8b,ollama,449,40960,41409,4312406.22,SUCCESS,flight_agent
2025-12-13T15:15:09.316050,2a3ff717-e7b9-4f22-9d0f-38f790a62268,fc5d4fb4-3795-426a-90c4-cf1c0e7d4d7e,llama3.1:8b,ollama,477,81,558,10196.92,SUCCESS,seq:step:2
2025-12-13T15:15:21.220492,7e8a5db0-69fe-44f6-a76e-85d7f22e00c4,6e5d82a2-7da6-4f05-bb45-6f700a435fe9,llama3.1:8b,ollama,464,101,565,11894.36,SUCCESS,planner_agent
2025-12-13T15:15:22.238004,7e8a5db0-69fe-44f6-a76e-85d7f22e00c4,716b9a96-9473-4ac7-8021-000aee3acf68,llama3.1:8b,ollama,87,2,89,1008.28,SUCCESS,city_resolver
2025-12-13T15:15:23.261992,7e8a5db0-69fe-44f6-a76e-85d7f22e00c4,10066608-4db7-4098-b34b-f180f7252bd6,llama3.1:8b,ollama,87,3,90,1023.07,SUCCESS,city_resolver
2025-12-13T15:15:37.197866,7e8a5db0-69fe-44f6-a76e-85d7f22e00c4,fa22c431-057d-483e-bdc3-75d93fa08b74,llama3.1:8b,ollama,251,147,398,13930.73,SUCCESS,passenger_agent
2025-12-13T15:54:09.897083,7e8a5db0-69fe-44f6-a76e-85d7f22e00c4,7fac1719-ca6d-444e-ac0a-bb46fd0c3925,llama3.1:8b,ollama,448,19685,20133,2312693.69,SUCCESS,flight_agent
2025-12-13T15:54:41.947410,7e8a5db0-69fe-44f6-a76e-85d7f22e00c4,f3f8eddd-3a63-4254-9664-411957fe88a2,llama3.1:8b,ollama,471,92,563,32028.29,SUCCESS,seq:step:2
2025-12-13T15:55:13.786693,3e8b3179-783c-4bf0-98f5-463e8d7a69f0,9c350490-ea0f-42ce-af92-9018f4e308c4,llama3.1:8b,ollama,468,99,567,31832.81,SUCCESS,planner_agent
2025-12-13T15:55:16.284950,3e8b3179-783c-4bf0-98f5-463e8d7a69f0,987b589f-7ee0-463e-a8ae-fdd185ecf7f8,llama3.1:8b,ollama,89,3,92,2490.25,SUCCESS,city_resolver
2025-12-13T15:55:18.524804,3e8b3179-783c-4bf0-98f5-463e8d7a69f0,e6b9e2a2-96e4-440b-b15f-d6be2e08f6fb,llama3.1:8b,ollama,93,3,96,2237.61,SUCCESS,city_resolver
2025-12-13T15:56:04.269181,3e8b3179-783c-4bf0-98f5-463e8d7a69f0,c4c999ea-d765-403e-9701-af6dae77265a,llama3.1:8b,ollama,255,165,420,45738.94,SUCCESS,passenger_agent
2025-12-13T17:57:42.798426,3e8b3179-783c-4bf0-98f5-463e8d7a69f0,f8f8aa50-7d32-40fd-83e6-bb2adc2d13c6,llama3.1:8b,ollama,449,40960,41409,7298522.34,SUCCESS,flight_agent
2025-12-13T17:57:55.276741,3e8b3179-783c-4bf0-98f5-463e8d7a69f0,9a7bc4f3-eca4-469c-841b-31126164b917,llama3.1:8b,ollama,476,82,558,12450.34,SUCCESS,seq:step:2
2025-12-13T17:58:08.850652,9f750e11-2868-48c8-9d2c-6ffc5956aa9b,1e6c51de-d9ec-4e10-bdb6-c0fec378de11,llama3.1:8b,ollama,466,95,561,13561.66,SUCCESS,planner_agent
2025-12-13T17:58:10.490085,9f750e11-2868-48c8-9d2c-6ffc5956aa9b,311ed85c-cc50-4e9f-9e6f-a778a1e96f08,llama3.1:8b,ollama,103,3,106,1574.90,SUCCESS,city_resolver
2025-12-13T17:58:11.687537,9f750e11-2868-48c8-9d2c-6ffc5956aa9b,1f88ca1c-b99c-4a37-8295-c332ae615b25,llama3.1:8b,ollama,89,3,92,1195.72,SUCCESS,city_resolver
2025-12-13T17:58:27.699742,9f750e11-2868-48c8-9d2c-6ffc5956aa9b,3d2b635d-ec86-49c4-a70f-efd7f5de48b6,llama3.1:8b,ollama,253,135,388,16005.52,SUCCESS,passenger_agent
2025-12-13T18:01:09.188535,9f750e11-2868-48c8-9d2c-6ffc5956aa9b,7dcd27e4-c7be-40ee-948e-e7c903364ef2,llama3.1:8b,ollama,449,1435,1884,161481.21,SUCCESS,flight_agent
2025-12-13T18:01:25.989092,9f750e11-2868-48c8-9d2c-6ffc5956aa9b,f02149a8-7d0a-41a4-bb67-6f55e28bb8d4,llama3.1:8b,ollama,890,64,954,16797.72,SUCCESS,flight_agent
2025-12-13T18:02:12.181354,9f750e11-2868-48c8-9d2c-6ffc5956aa9b,f0ed5011-446d-4d72-bada-f54b926e8966,llama3.1:8b,ollama,99,448,547,46182.20,SUCCESS,hotel_agent
2025-12-13T18:02:34.373933,9f750e11-2868-48c8-9d2c-6ffc5956aa9b,dd8614b7-534c-4096-94bc-6db9876c59db,llama3.1:8b,ollama,480,148,628,22176.85,SUCCESS,seq:step:2
2025-12-13T18:02:52.047153,6be7eab2-7a74-42fc-bfa3-82f8472c7188,ba330cfc-0eb4-4b7b-b47a-925f9638fa9e,llama3.1:8b,ollama,479,97,576,17663.76,SUCCESS,planner_agent
2025-12-13T18:02:53.475572,6be7eab2-7a74-42fc-bfa3-82f8472c7188,5019e568-4952-4708-80fd-f0b137cf6837,llama3.1:8b,ollama,87,3,90,1418.78,SUCCESS,city_resolver
2025-12-13T18:02:54.725027,6be7eab2-7a74-42fc-bfa3-82f8472c7188,e15b5125-cde2-4efe-b825-7a1531ee73f2,llama3.1:8b,ollama,91,2,93,1247.22,SUCCESS,city_resolver
2025-12-13T18:03:06.804807,6be7eab2-7a74-42fc-bfa3-82f8472c7188,3f4f6a50-24c3-40c5-afc9-94068315bf61,llama3.1:8b,ollama,266,70,336,12073.62,SUCCESS,passenger_agent
2025-12-13T18:03:18.945958,6be7eab2-7a74-42fc-bfa3-82f8472c7188,b7d52d81-ac6a-4f42-9f1d-8694c28984c5,llama3.1:8b,ollama,460,78,538,12118.24,SUCCESS,seq:step:2
2025-12-13T18:03:32.100965,1603ffcf-ebfe-49a3-9ed3-0a39204891d1,58406178-b3f4-4295-835d-54165e97d9cc,llama3.1:8b,ollama,460,89,549,13146.65,SUCCESS,planner_agent
2025-12-13T18:03:33.778065,1603ffcf-ebfe-49a3-9ed3-0a39204891d1,ecf57cd9-8120-433a-98de-1b797a243f50,llama3.1:8b,ollama,103,3,106,1599.32,SUCCESS,city_resolver
2025-12-13T18:03:34.957097,1603ffcf-ebfe-49a3-9ed3-0a39204891d1,f4a846de-7436-49b5-8bfa-733c39de3195,llama3.1:8b,ollama,83,3,86,1175.77,SUCCESS,city_resolver
2025-12-13T18:03:44.182701,1603ffcf-ebfe-49a3-9ed3-0a39204891d1,292cd63d-74b4-49bf-b115-ef809a0cce83,llama3.1:8b,ollama,247,75,322,9221.10,SUCCESS,passenger_agent
2025-12-13T19:38:55.393452,1603ffcf-ebfe-49a3-9ed3-0a39204891d1,9dfb66f0-f744-4c2a-9fbb-eca44f4957a9,llama3.1:8b,ollama,449,40960,41409,5711204.21,SUCCESS,flight_agent
2025-12-13T19:39:19.020848,1603ffcf-ebfe-49a3-9ed3-0a39204891d1,a5b2ec3a-f21e-4c60-bd7b-2160405e0c81,llama3.1:8b,ollama,468,214,682,23600.23,SUCCESS,seq:step:2
2025-12-13T19:39:32.205046,55484015-3639-4ef8-9948-ae66feca59cc,bdef33d1-f8a9-40b2-b7f8-c6238d0442d9,llama3.1:8b,ollama,464,100,564,13172.42,SUCCESS,planner_agent
2025-12-13T19:39:33.381844,55484015-3639-4ef8-9948-ae66feca59cc,360fc7f3-100b-49b9-a28f-b7518736b5f4,llama3.1:8b,ollama,89,2,91,1168.06,SUCCESS,city_resolver
2025-12-13T19:39:34.568544,55484015-3639-4ef8-9948-ae66feca59cc,f0bdc813-4f09-4964-b54e-224bf5bdfd95,llama3.1:8b,ollama,93,3,96,1185.52,SUCCESS,city_resolver
2025-12-13T19:39:44.341257,55484015-3639-4ef8-9948-ae66feca59cc,86ab3d44-2306-4596-8677-74b6048b45ba,llama3.1:8b,ollama,251,85,336,9767.16,SUCCESS,passenger_agent
2025-12-13T19:42:28.284045,55484015-3639-4ef8-9948-ae66feca59cc,f370660f-4ed1-496c-961d-5339208600d5,llama3.1:8b,ollama,448,1607,2055,163934.43,SUCCESS,flight_agent
2025-12-13T19:42:44.029325,55484015-3639-4ef8-9948-ae66feca59cc,192d88d4-b477-4d18-bd66-9877821d8d5e,llama3.1:8b,ollama,973,66,1039,15744.01,SUCCESS,flight_agent
2025-12-13T19:43:23.367646,55484015-3639-4ef8-9948-ae66feca59cc,31fda84d-410e-4b62-b6b4-06dc32f988d1,llama3.1:8b,ollama,98,382,480,39333.88,SUCCESS,hotel_agent
2025-12-13T19:43:35.251589,55484015-3639-4ef8-9948-ae66feca59cc,61833f08-b2d6-45c5-92c6-5af367526c49,llama3.1:8b,ollama,478,77,555,11859.16,SUCCESS,seq:step:2
2025-12-13T19:43:51.710563,7143a877-21ff-4582-9d9a-d7a5988dbd0f,878bf0e8-ce93-4c0f-a4c8-002587d6c042,llama3.1:8b,ollama,472,95,567,16451.42,SUCCESS,planner_agent
2025-12-13T19:43:53.201927,7143a877-21ff-4582-9d9a-d7a5988dbd0f,a11ae764-381a-4190-a155-20229a65c1f2,llama3.1:8b,ollama,83,2,85,1486.05,SUCCESS,city_resolver
2025-12-13T19:43:54.748902,7143a877-21ff-4582-9d9a-d7a5988dbd0f,a917f0ce-d385-4a54-aab1-f4208dc83262,llama3.1:8b,ollama,93,3,96,1542.54,SUCCESS,city_resolver
2025-12-13T19:44:17.364854,7143a877-21ff-4582-9d9a-d7a5988dbd0f,7c44f4b2-0cfd-4924-a7bd-e6fb05b8836c,llama3.1:8b,ollama,259,143,402,22610.08,SUCCESS,passenger_agent
2025-12-13T20:11:06.361664,7143a877-21ff-4582-9d9a-d7a5988dbd0f,72f3c00a-a93e-4052-9d97-6e568d55ffdc,llama3.1:8b,ollama,448,10539,10987,1608992.48,SUCCESS,flight_agent
2025-12-13T20:11:27.413864,7143a877-21ff-4582-9d9a-d7a5988dbd0f,8e36aff6-d9e5-4449-879f-d7021e043f83,llama3.1:8b,ollama,479,91,570,21029.12,SUCCESS,seq:step:2
2025-12-13T20:11:47.417734,5d9fa1b3-8fab-44c2-ac67-f55111562106,5937c89c-1dc7-4b7d-bef9-b301a96c2c7d,llama3.1:8b,ollama,469,99,568,19994.69,SUCCESS,planner_agent
2025-12-13T20:11:49.033350,5d9fa1b3-8fab-44c2-ac67-f55111562106,da5aa6f8-b56c-47cc-b745-c26bbaac7292,llama3.1:8b,ollama,87,3,90,1609.99,SUCCESS,city_resolver
2025-12-13T20:11:50.445348,5d9fa1b3-8fab-44c2-ac67-f55111562106,762e56fc-cf25-474e-9a1a-155e6eebd8e5,llama3.1:8b,ollama,91,3,94,1410.08,SUCCESS,city_resolver
2025-12-13T20:12:10.126794,5d9fa1b3-8fab-44c2-ac67-f55111562106,a04835fd-feab-4c6d-958b-95fc1f72cbd2,llama3.1:8b,ollama,256,140,396,19677.63,SUCCESS,passenger_agent
2025-12-13T20:33:24.015829,5d9fa1b3-8fab-44c2-ac67-f55111562106,644bdc86-6f19-4664-b2ca-b1ceea5302e1,llama3.1:8b,ollama,449,9351,9800,1273881.50,SUCCESS,flight_agent
2025-12-13T20:33:34.561247,5d9fa1b3-8fab-44c2-ac67-f55111562106,f7cc5b16-7978-40ae-848a-0f6a8d57fd5b,llama3.1:8b,ollama,477,87,564,10528.91,SUCCESS,seq:step:2
2025-12-15T11:47:50.053927,dc3cfad2-658a-43c9-82d8-ad5e248100d3,d1a2c0b9-f9a5-471e-b63c-60f7af9e702c,llama3.1:8b,ollama,482,98,580,14892.61,SUCCESS,planner_agent
2025-12-15T11:47:51.491469,dc3cfad2-658a-43c9-82d8-ad5e248100d3,ed1b2c2c-202c-49eb-9b46-2fbdc3f0d803,llama3.1:8b,ollama,92,3,95,870.05,SUCCESS,city_resolver
2025-12-15T11:47:59.337694,dc3cfad2-658a-43c9-82d8-ad5e248100d3,3d584ab5-385c-44e8-9c95-cd73a3957967,llama3.1:8b,ollama,269,87,356,7389.22,SUCCESS,passenger_agent
2025-12-15T11:48:13.419199,dc3cfad2-658a-43c9-82d8-ad5e248100d3,26ca2097-dd94-46ed-88cf-a91a59ccd440,llama3.1:8b,ollama,554,72,626,8162.75,SUCCESS,flight_agent
2025-12-15T11:48:32.697606,dc3cfad2-658a-43c9-82d8-ad5e248100d3,50f304e7-db64-4ea7-a477-f078514edd08,llama3.1:8b,ollama,1141,133,1274,17064.50,SUCCESS,hotel_agent
2025-12-15T11:49:25.883074,dc3cfad2-658a-43c9-82d8-ad5e248100d3,fc8a10f8-16f9-43ac-86ec-3490e949b8d4,llama3.1:8b,ollama,385,697,1082,52516.29,SUCCESS,compiler
2025-12-15T11:49:45.722177,dc3cfad2-658a-43c9-82d8-ad5e248100d3,1fdd5b69-6fbc-42d4-b699-7a71f52ed1cc,llama3.1:8b,ollama,1145,176,1321,19827.28,SUCCESS,seq:step:2
2025-12-15T11:49:55.546042,ae4054bb-943c-4124-a774-c5c9a38b4ac2,b510b41c-e435-435a-9db0-9abf11003893,llama3.1:8b,ollama,478,100,578,9816.47,SUCCESS,planner_agent
2025-12-15T11:49:57.006507,ae4054bb-943c-4124-a774-c5c9a38b4ac2,6f4e17c7-571f-4b0a-8a3e-5cd954ae74a7,llama3.1:8b,ollama,85,2,87,968.26,SUCCESS,city_resolver
2025-12-15T11:50:04.036110,ae4054bb-943c-4124-a774-c5c9a38b4ac2,16d11ddd-73d1-4f38-8427-6382333fe656,llama3.1:8b,ollama,265,77,342,7027.10,SUCCESS,passenger_agent
2025-12-15T11:50:17.716928,ae4054bb-943c-4124-a774-c5c9a38b4ac2,031ff5ae-be38-4377-88c8-6df95f8f6a3a,llama3.1:8b,ollama,486,122,608,11350.77,SUCCESS,seq:step:2
2025-12-15T11:50:26.789979,7f0bc8bb-a64f-4397-864b-9e33fe1bbc8b,bb001af7-2e2b-4e39-b619-ed907fb2969e,llama3.1:8b,ollama,464,92,556,9062.77,SUCCESS,planner_agent
2025-12-15T11:50:28.438002,7f0bc8bb-a64f-4397-864b-9e33fe1bbc8b,feeb94be-8abc-49d7-a96e-e675b4452ed4,llama3.1:8b,ollama,103,3,106,1017.96,SUCCESS,city_resolver
2025-12-15T11:50:40.443300,7f0bc8bb-a64f-4397-864b-9e33fe1bbc8b,df618979-7ef7-45ab-99ee-22b4c180630e,llama3.1:8b,ollama,251,136,387,11812.15,SUCCESS,passenger_agent
2025-12-15T11:51:02.510486,7f0bc8bb-a64f-4397-864b-9e33fe1bbc8b,432652de-c80e-41f7-986a-d62dbf5b1c61,llama3.1:8b,ollama,790,68,858,9530.73,SUCCESS,flight_agent
2025-12-15T11:51:22.090825,7f0bc8bb-a64f-4397-864b-9e33fe1bbc8b,b8bbc2c8-7966-4f59-85a8-57fac16c8f99,llama3.1:8b,ollama,1088,90,1178,12971.28,SUCCESS,hotel_agent
2025-12-15T11:52:26.316681,7f0bc8bb-a64f-4397-864b-9e33fe1bbc8b,a452713e-3bfc-41eb-ae22-711dbbb0e79c,llama3.1:8b,ollama,412,550,962,62941.27,SUCCESS,compiler
2025-12-15T11:52:51.089386,7f0bc8bb-a64f-4397-864b-9e33fe1bbc8b,1591e508-8fd3-4ea6-8a1d-78868dc9c5ee,llama3.1:8b,ollama,980,179,1159,24761.93,SUCCESS,seq:step:2
2025-12-15T11:53:02.815941,9019ec21-e5e5-4741-b0b5-ee3c542d7fa7,dd519dd1-5399-4b7d-81ea-dd2b30abd785,llama3.1:8b,ollama,473,95,568,11716.46,SUCCESS,planner_agent
2025-12-15T11:53:04.211511,9019ec21-e5e5-4741-b0b5-ee3c542d7fa7,a5d67b04-8e96-4c3c-b525-8d36c093b0ed,llama3.1:8b,ollama,89,3,92,1001.51,SUCCESS,city_resolver
2025-12-15T11:53:18.670115,9019ec21-e5e5-4741-b0b5-ee3c542d7fa7,e9ddc510-63bd-46d9-9f33-cbb0a9e17f32,llama3.1:8b,ollama,260,149,409,14453.61,SUCCESS,passenger_agent
2025-12-15T11:53:42.517559,9019ec21-e5e5-4741-b0b5-ee3c542d7fa7,920111c9-610f-46d4-b41e-eb344bf71bb4,llama3.1:8b,ollama,793,71,864,9594.22,SUCCESS,flight_agent
2025-12-15T11:53:57.858182,9019ec21-e5e5-4741-b0b5-ee3c542d7fa7,5a8a06c2-e2d0-4063-ab56-ba4532283764,llama3.1:8b,ollama,676,105,781,11078.75,SUCCESS,hotel_agent
2025-12-15T11:54:34.036131,9019ec21-e5e5-4741-b0b5-ee3c542d7fa7,ac60da2a-6c5c-4fe6-9bd9-c1a6c7b6aefe,llama3.1:8b,ollama,305,355,660,35861.36,SUCCESS,compiler
2025-12-15T11:55:06.705512,9019ec21-e5e5-4741-b0b5-ee3c542d7fa7,0473f164-6be9-4ae4-80bb-528d1414974d,llama3.1:8b,ollama,793,231,1024,32656.67,SUCCESS,seq:step:2
2025-12-15T11:55:19.644973,74cf4021-d815-453e-a2bd-ec274e67e6c7,971da80c-d504-4621-adac-74b38d786a28,llama3.1:8b,ollama,470,98,568,12929.84,SUCCESS,planner_agent
2025-12-15T11:55:21.544447,74cf4021-d815-453e-a2bd-ec274e67e6c7,3b0b5d90-909a-41ad-9ec7-cbb2cf4827a5,llama3.1:8b,ollama,91,3,94,996.10,SUCCESS,city_resolver
2025-12-15T11:55:31.064936,74cf4021-d815-453e-a2bd-ec274e67e6c7,a54d9379-3d2d-4bc9-80f6-0bbd84262502,llama3.1:8b,ollama,257,86,343,9515.13,SUCCESS,passenger_agent
2025-12-15T11:55:48.300557,74cf4021-d815-453e-a2bd-ec274e67e6c7,14e0e598-4aa6-4623-9937-2ae1a9a31622,llama3.1:8b,ollama,790,59,849,12071.38,SUCCESS,flight_agent
2025-12-15T11:56:09.708158,74cf4021-d815-453e-a2bd-ec274e67e6c7,5afcdc23-1b55-4427-a4f2-86fe44ac76eb,llama3.1:8b,ollama,652,111,763,20184.63,SUCCESS,hotel_agent
2025-12-15T11:57:28.813750,74cf4021-d815-453e-a2bd-ec274e67e6c7,a9ed7206-0c64-4ce6-9a47-cabd55203f59,llama3.1:8b,ollama,303,561,864,78803.75,SUCCESS,compiler
2025-12-15T11:57:58.501540,74cf4021-d815-453e-a2bd-ec274e67e6c7,f87c9a21-95e8-431b-a37c-240a3781ec64,llama3.1:8b,ollama,997,197,1194,29668.46,SUCCESS,seq:step:2
2025-12-15T11:58:12.427652,18dda0d8-252d-4022-b1ca-c50c7cdde3e2,681389b9-21fe-43d7-a852-8c7deee3067e,llama3.1:8b,ollama,469,93,562,13917.41,SUCCESS,planner_agent
2025-12-15T11:58:13.956879,18dda0d8-252d-4022-b1ca-c50c7cdde3e2,aad07c66-f7a5-46b4-ac61-e74459ad7c2e,llama3.1:8b,ollama,83,3,86,1035.22,SUCCESS,city_resolver
2025-12-15T11:58:29.042252,18dda0d8-252d-4022-b1ca-c50c7cdde3e2,2ee8bfa7-effd-444e-bae2-c1812037bf41,llama3.1:8b,ollama,256,131,387,15079.65,SUCCESS,passenger_agent
2025-12-15T11:58:50.606935,18dda0d8-252d-4022-b1ca-c50c7cdde3e2,0e8488b4-8291-4833-9ae4-467c292d368c,llama3.1:8b,ollama,790,64,854,9560.57,SUCCESS,flight_agent
2025-12-15T11:59:06.622013,18dda0d8-252d-4022-b1ca-c50c7cdde3e2,df4e4829-a293-43d2-9f76-48ac145543c6,llama3.1:8b,ollama,498,97,595,11635.67,SUCCESS,hotel_agent
2025-12-15T12:00:07.617516,18dda0d8-252d-4022-b1ca-c50c7cdde3e2,a019ac59-d53e-485b-8484-67653795ee42,llama3.1:8b,ollama,414,524,938,59696.78,SUCCESS,compiler
2025-12-15T12:00:27.866662,18dda0d8-252d-4022-b1ca-c50c7cdde3e2,32c533df-faf0-4102-9a26-a9c675ea42f2,llama3.1:8b,ollama,958,109,1067,20238.84,SUCCESS,seq:step:2
2025-12-15T12:00:43.408908,b5eefd94-f6f1-43de-9193-5deeb1c6e910,ba5502f9-1e0c-4993-8d4b-7fd6b6d269b7,llama3.1:8b,ollama,464,101,565,15535.37,SUCCESS,planner_agent
2025-12-15T12:00:46.684790,b5eefd94-f6f1-43de-9193-5deeb1c6e910,958f2c9b-6768-42b3-aeb6-b42b1f499f1e,llama3.1:8b,ollama,87,3,90,967.71,SUCCESS,city_resolver
2025-12-15T12:01:00.843331,b5eefd94-f6f1-43de-9193-5deeb1c6e910,9c07881c-05f9-4d5e-b997-5d92a9cdd01a,llama3.1:8b,ollama,251,147,398,14153.44,SUCCESS,passenger_agent
2025-12-15T12:01:18.302181,b5eefd94-f6f1-43de-9193-5deeb1c6e910,3ec86cf9-65d1-48f8-acd9-b53dff1038c8,llama3.1:8b,ollama,784,60,844,8765.11,SUCCESS,flight_agent
2025-12-15T12:01:33.552471,b5eefd94-f6f1-43de-9193-5deeb1c6e910,8d0f65ce-4dee-4a20-9786-a437905c351b,llama3.1:8b,ollama,451,86,537,8209.23,SUCCESS,seq:step:2
2025-12-15T12:01:43.754511,3fa8c4c9-bcb9-4c01-862c-c9cacbf74c19,c4e86f11-a2e3-4eb9-b4e1-ef145dda9c8f,llama3.1:8b,ollama,468,99,567,10195.00,SUCCESS,planner_agent
2025-12-15T12:01:45.355945,3fa8c4c9-bcb9-4c01-862c-c9cacbf74c19,8a794f3a-f2ee-48c7-af07-3c54b706ba3f,llama3.1:8b,ollama,93,3,96,910.36,SUCCESS,city_resolver
2025-12-15T12:02:02.195190,3fa8c4c9-bcb9-4c01-862c-c9cacbf74c19,6886942e-d380-4da1-88df-37588ca083d5,llama3.1:8b,ollama,255,165,420,16833.85,SUCCESS,passenger_agent
2025-12-15T12:02:16.732411,3fa8c4c9-bcb9-4c01-862c-c9cacbf74c19,6241c7e1-41e2-4874-bdbc-843ae9385d92,llama3.1:8b,ollama,790,65,855,11189.17,SUCCESS,flight_agent
2025-12-15T12:02:33.159177,3fa8c4c9-bcb9-4c01-862c-c9cacbf74c19,36ae2162-2cb1-4dc2-8a9d-14bb17e3f2fa,llama3.1:8b,ollama,677,111,788,14508.91,SUCCESS,hotel_agent
2025-12-15T12:03:22.850912,3fa8c4c9-bcb9-4c01-862c-c9cacbf74c19,f2b07f91-4bf6-4edc-bd4b-149fe0afafc3,llama3.1:8b,ollama,304,491,795,48900.67,SUCCESS,compiler
2025-12-15T12:03:55.686272,3fa8c4c9-bcb9-4c01-862c-c9cacbf74c19,484855e4-5b6a-4c9d-8745-0be9de79f3be,llama3.1:8b,ollama,925,262,1187,32821.36,SUCCESS,seq:step:2
2025-12-15T12:04:07.703790,ef69be42-dd53-46ba-b6f5-10404dc5b188,af833df6-6510-4bbb-b11c-58abe79da219,llama3.1:8b,ollama,466,95,561,12007.68,SUCCESS,planner_agent
2025-12-15T12:04:09.285228,ef69be42-dd53-46ba-b6f5-10404dc5b188,a8e8a986-4119-4455-ac80-7e1d0b9dfa8f,llama3.1:8b,ollama,103,3,106,1287.91,SUCCESS,city_resolver
2025-12-15T12:04:22.729172,ef69be42-dd53-46ba-b6f5-10404dc5b188,b576ad1c-6b31-448f-befe-813a02b579ee,llama3.1:8b,ollama,253,135,388,13139.63,SUCCESS,passenger_agent
2025-12-15T12:04:43.625015,ef69be42-dd53-46ba-b6f5-10404dc5b188,51d31e6d-6097-4069-aba6-f695d970e3a3,llama3.1:8b,ollama,794,60,854,8929.66,SUCCESS,flight_agent
2025-12-15T12:05:00.318665,ef69be42-dd53-46ba-b6f5-10404dc5b188,43236576-0e66-4faf-a519-9373050dcbe9,llama3.1:8b,ollama,944,105,1049,14335.44,SUCCESS,hotel_agent
2025-12-15T12:05:45.761271,ef69be42-dd53-46ba-b6f5-10404dc5b188,cb43f280-7adb-4e0a-8336-ddb3c71bcb1c,llama3.1:8b,ollama,300,451,751,45360.49,SUCCESS,compiler
2025-12-15T12:06:13.793590,ef69be42-dd53-46ba-b6f5-10404dc5b188,39ccc572-adcc-4fef-a120-4cc7fa672af4,llama3.1:8b,ollama,883,209,1092,28019.37,SUCCESS,seq:step:2
2025-12-15T12:06:28.593216,5b79e027-f60b-49ca-b110-2187ec3bac76,4f64dcf9-2b44-4724-8123-898979f18d39,llama3.1:8b,ollama,479,97,576,14790.95,SUCCESS,planner_agent
2025-12-15T12:06:38.026544,5b79e027-f60b-49ca-b110-2187ec3bac76,a3a6ff2a-6441-4c29-ad32-536fd64baaec,llama3.1:8b,ollama,266,70,336,8745.50,SUCCESS,passenger_agent
2025-12-15T12:06:52.041454,5b79e027-f60b-49ca-b110-2187ec3bac76,dfdc7be7-9e38-47b1-9bf3-3a2f013c9f32,llama3.1:8b,ollama,460,78,538,13990.03,SUCCESS,seq:step:2
2025-12-15T12:07:04.124438,4a0d74c9-3feb-42ff-bb85-ac845a946260,10886d80-6428-42d8-a0ca-17b0b5be250c,llama3.1:8b,ollama,460,89,549,12073.52,SUCCESS,planner_agent
2025-12-15T12:07:05.811807,4a0d74c9-3feb-42ff-bb85-ac845a946260,44d18347-dc06-443f-8420-abf97b3b989a,llama3.1:8b,ollama,103,3,106,1374.50,SUCCESS,city_resolver
2025-12-15T12:07:07.091124,4a0d74c9-3feb-42ff-bb85-ac845a946260,ac22d1e5-482a-4b15-990d-16c3d50efef6,llama3.1:8b,ollama,83,3,86,1009.31,SUCCESS,city_resolver
2025-12-15T12:07:15.475289,4a0d74c9-3feb-42ff-bb85-ac845a946260,9f4ab374-4cd6-4bed-bc38-31495dc4de3a,llama3.1:8b,ollama,247,75,322,8378.05,SUCCESS,passenger_agent
2025-12-15T12:07:29.523528,4a0d74c9-3feb-42ff-bb85-ac845a946260,4417371e-3da7-4104-9ba0-a8b95d938623,llama3.1:8b,ollama,790,59,849,10435.92,SUCCESS,flight_agent
2025-12-15T12:07:49.701603,4a0d74c9-3feb-42ff-bb85-ac845a946260,264ed7a7-0e53-448b-be45-a2d84c303218,llama3.1:8b,ollama,1105,96,1201,16323.74,SUCCESS,hotel_agent
2025-12-15T12:08:40.826618,4a0d74c9-3feb-42ff-bb85-ac845a946260,a0de6892-fe61-460d-9874-c06ddeadff61,llama3.1:8b,ollama,301,471,772,50126.19,SUCCESS,compiler
2025-12-15T12:09:02.877661,4a0d74c9-3feb-42ff-bb85-ac845a946260,e6c5641d-3663-4d21-a39e-c4b444c0d781,llama3.1:8b,ollama,897,154,1051,22037.71,SUCCESS,seq:step:2
2025-12-15T12:09:16.948526,b93e33b5-5295-4f6e-ab54-56114359c114,dabd0de7-4429-45b3-846b-0191534b8cd4,llama3.1:8b,ollama,464,100,564,14060.91,SUCCESS,planner_agent
2025-12-15T12:09:18.344134,b93e33b5-5295-4f6e-ab54-56114359c114,3072f41b-3c13-428b-b323-3a5e19d54689,llama3.1:8b,ollama,89,2,91,1200.10,SUCCESS,city_resolver
2025-12-15T12:09:19.751335,b93e33b5-5295-4f6e-ab54-56114359c114,ffb5829e-7182-4d01-94d3-0e4f0661ed04,llama3.1:8b,ollama,93,3,96,1137.50,SUCCESS,city_resolver
2025-12-15T12:09:30.476933,b93e33b5-5295-4f6e-ab54-56114359c114,9b4e8cea-070f-4bdf-8bbd-73ddf5f18fe6,llama3.1:8b,ollama,251,85,336,10719.49,SUCCESS,passenger_agent
2025-12-15T12:09:45.313192,b93e33b5-5295-4f6e-ab54-56114359c114,35db5db2-527e-465a-a5fd-087072c61a8d,llama3.1:8b,ollama,471,101,572,14376.50,SUCCESS,seq:step:2
2025-12-15T12:09:58.495797,c9c34dd6-4676-4bfd-9024-b28525abca28,b28ed3d3-184a-45ee-88be-b1727818fd7d,llama3.1:8b,ollama,472,95,567,13172.41,SUCCESS,planner_agent
2025-12-15T12:10:00.167402,c9c34dd6-4676-4bfd-9024-b28525abca28,a96618b2-a91e-4b80-9208-d0239420f6e5,llama3.1:8b,ollama,93,3,96,1027.96,SUCCESS,city_resolver
2025-12-15T12:10:15.671485,c9c34dd6-4676-4bfd-9024-b28525abca28,b1451454-94f9-4df3-bfa3-078f52661e13,llama3.1:8b,ollama,259,143,402,15497.68,SUCCESS,passenger_agent
2025-12-15T12:10:29.456146,c9c34dd6-4676-4bfd-9024-b28525abca28,c2f2d603-b94e-48aa-a3f0-ad9f02b40833,llama3.1:8b,ollama,696,59,755,9115.85,SUCCESS,flight_agent
2025-12-15T12:10:41.349312,c9c34dd6-4676-4bfd-9024-b28525abca28,7d833345-4220-46a1-a67f-9eb6078a3da9,llama3.1:8b,ollama,459,79,538,9845.90,SUCCESS,seq:step:2
2025-12-15T12:10:54.394210,00509f76-082a-4f10-83e8-18912018d388,1c9e76b6-007c-4ad5-b140-e8b1ae06abcd,llama3.1:8b,ollama,469,99,568,13034.57,SUCCESS,planner_agent
2025-12-15T12:11:16.756466,00509f76-082a-4f10-83e8-18912018d388,b1517d46-ead1-47ed-8dd5-d4bb76cc5619,llama3.1:8b,ollama,256,140,396,21595.35,SUCCESS,passenger_agent
2025-12-15T12:11:36.348502,00509f76-082a-4f10-83e8-18912018d388,e16fb399-d083-4108-be59-f78744bdad43,llama3.1:8b,ollama,779,65,844,14379.60,SUCCESS,flight_agent
2025-12-15T12:11:59.367301,00509f76-082a-4f10-83e8-18912018d388,0dd66fad-0303-4a26-b434-583f2fd6304e,llama3.1:8b,ollama,790,96,886,20738.99,SUCCESS,hotel_agent
2025-12-15T12:13:35.017654,00509f76-082a-4f10-83e8-18912018d388,639931a6-375c-478c-b970-bf28b66e0307,llama3.1:8b,ollama,304,654,958,94932.60,SUCCESS,compiler
2025-12-15T12:14:24.755613,00509f76-082a-4f10-83e8-18912018d388,724f66d5-be41-4538-a740-6cbf1a61bf0c,llama3.1:8b,ollama,1089,180,1269,49727.92,SUCCESS,seq:step:2
2025-12-15T12:14:54.151246,7a38de25-bdd0-402b-affe-8999909dbb8e,9abed8c5-f0d3-40c4-8abe-fc9f9b1e1bf7,llama3.1:8b,ollama,464,99,563,29388.49,SUCCESS,planner_agent
2025-12-15T12:14:57.492344,7a38de25-bdd0-402b-affe-8999909dbb8e,2fdb8a9b-ef0a-43a7-baf7-41a31901d205,llama3.1:8b,ollama,91,3,94,2619.99,SUCCESS,city_resolver
2025-12-15T12:15:12.156334,7a38de25-bdd0-402b-affe-8999909dbb8e,95ce42c4-0aed-4577-bb31-61491de701d0,llama3.1:8b,ollama,251,38,289,14659.15,SUCCESS,passenger_agent
2025-12-15T12:15:35.467090,7a38de25-bdd0-402b-affe-8999909dbb8e,70681ea9-aabd-46ae-97f9-d1ee3a6fcd60,llama3.1:8b,ollama,471,91,562,22843.12,SUCCESS,seq:step:2
2025-12-15T12:15:55.600228,8ecaaef1-3c1a-427e-8e82-4dfb8df2d422,127dcfb8-e094-4507-8b22-4b29e083e602,llama3.1:8b,ollama,461,97,558,20122.29,SUCCESS,planner_agent
2025-12-15T12:16:16.361834,8ecaaef1-3c1a-427e-8e82-4dfb8df2d422,c03a1981-d075-4302-8d46-6ff3d5b20a28,llama3.1:8b,ollama,248,142,390,19942.17,SUCCESS,passenger_agent
2025-12-15T12:16:37.731911,8ecaaef1-3c1a-427e-8e82-4dfb8df2d422,277d33c5-55d9-481d-831c-0bc745888d9c,llama3.1:8b,ollama,468,90,558,21002.22,SUCCESS,seq:step:2
2025-12-15T12:16:57.870030,acb9c57c-24f2-4ab1-938b-53b11608f1d7,56b16e3f-2ec3-4341-b122-545baf04fe21,llama3.1:8b,ollama,457,92,549,20131.26,SUCCESS,planner_agent
2025-12-15T12:16:59.964922,acb9c57c-24f2-4ab1-938b-53b11608f1d7,344205fb-46c2-4f29-b596-fd93297c9256,llama3.1:8b,ollama,91,3,94,1550.11,SUCCESS,city_resolver
2025-12-15T12:17:26.817848,acb9c57c-24f2-4ab1-938b-53b11608f1d7,03ba0667-7a49-4b1d-9cd3-7ae268499ec4,llama3.1:8b,ollama,244,179,423,26847.80,SUCCESS,passenger_agent
2025-12-15T12:17:47.002949,acb9c57c-24f2-4ab1-938b-53b11608f1d7,9910daca-28ed-4adc-ba42-95dd8bfcde74,llama3.1:8b,ollama,663,67,730,16987.19,SUCCESS,flight_agent
2025-12-15T12:18:12.636056,acb9c57c-24f2-4ab1-938b-53b11608f1d7,96eccebf-d13f-4d6f-b0ed-57409476cc86,llama3.1:8b,ollama,444,85,529,20469.77,SUCCESS,seq:step:2
2025-12-15T12:18:32.260023,48c87116-3c7f-423f-b8d4-2814b0cf5ae9,7f07ac13-5be0-4005-9be9-f1e850096c1b,llama3.1:8b,ollama,458,98,556,19617.26,SUCCESS,planner_agent
2025-12-15T12:18:34.155014,48c87116-3c7f-423f-b8d4-2814b0cf5ae9,63ed0c43-1360-4a94-b10a-3965d6721f40,llama3.1:8b,ollama,91,3,94,1486.03,SUCCESS,city_resolver
2025-12-15T12:18:35.680360,48c87116-3c7f-423f-b8d4-2814b0cf5ae9,561fb1db-b49d-42c2-9760-cdb33f000131,llama3.1:8b,ollama,89,3,92,1322.26,SUCCESS,city_resolver
2025-12-15T12:18:45.944433,48c87116-3c7f-423f-b8d4-2814b0cf5ae9,4fbc1e82-4fc1-4e24-9317-19064dbbf337,llama3.1:8b,ollama,245,66,311,10258.58,SUCCESS,passenger_agent
2025-12-15T12:19:02.704189,48c87116-3c7f-423f-b8d4-2814b0cf5ae9,c2a43f3e-b414-44cb-9ea6-09d7461ec683,llama3.1:8b,ollama,439,90,529,16745.26,SUCCESS,seq:step:2
2025-12-15T12:19:22.276200,4802d692-c95f-4633-9d07-15eb94a97fe7,4b20bc57-9683-4fb4-a390-3f5755129faf,llama3.1:8b,ollama,467,101,568,19562.78,SUCCESS,planner_agent
2025-12-15T12:19:41.714741,4802d692-c95f-4633-9d07-15eb94a97fe7,58840788-03d7-4ef7-805d-2327c191984a,llama3.1:8b,ollama,254,141,395,18852.27,SUCCESS,passenger_agent
2025-12-15T12:19:55.087996,4802d692-c95f-4633-9d07-15eb94a97fe7,38cdf3ed-3d88-4c87-b4b2-f984ca01fa3f,llama3.1:8b,ollama,475,87,562,12867.72,SUCCESS,seq:step:2
2025-12-15T12:20:14.025350,0942f9ab-b5bb-4edd-9ce4-fdca5e75d418,0f09209f-29bd-414d-85e7-608b3cde7bf7,llama3.1:8b,ollama,468,97,565,18927.22,SUCCESS,planner_agent
2025-12-15T12:20:15.902934,0942f9ab-b5bb-4edd-9ce4-fdca5e75d418,45173df3-1703-4fad-a5b1-f84a2751143c,llama3.1:8b,ollama,87,3,90,1537.83,SUCCESS,city_resolver
2025-12-15T12:20:17.471881,0942f9ab-b5bb-4edd-9ce4-fdca5e75d418,7b92cb85-141e-4c45-bb9d-93033f1ba7b3,llama3.1:8b,ollama,91,3,94,1276.36,SUCCESS,city_resolver
2025-12-15T12:20:37.351382,0942f9ab-b5bb-4edd-9ce4-fdca5e75d418,764e05c2-4281-4f8d-b902-3b860c098753,llama3.1:8b,ollama,255,150,405,19875.92,SUCCESS,passenger_agent
2025-12-15T12:20:56.935646,0942f9ab-b5bb-4edd-9ce4-fdca5e75d418,b0d093e7-c2c6-4527-b6ec-b29c3285d999,llama3.1:8b,ollama,584,81,665,17057.50,SUCCESS,flight_agent
2025-12-15T12:21:22.971897,0942f9ab-b5bb-4edd-9ce4-fdca5e75d418,c0d1824e-811d-4208-81e5-a087d2316e92,llama3.1:8b,ollama,837,98,935,21708.14,SUCCESS,hotel_agent
2025-12-15T12:22:36.515598,0942f9ab-b5bb-4edd-9ce4-fdca5e75d418,34636863-1a36-41b6-bb67-2eb4431554a5,llama3.1:8b,ollama,404,478,882,72303.13,SUCCESS,compiler
2025-12-15T12:23:03.891773,0942f9ab-b5bb-4edd-9ce4-fdca5e75d418,ae72d9dc-d0a2-4a9c-9e82-0c6d0f76234c,llama3.1:8b,ollama,912,123,1035,27363.27,SUCCESS,seq:step:2
2025-12-15T12:31:10.334036,4452662d-3e87-4e9b-ad66-2f093c023769,fe2ca519-02f2-4327-95f4-dd5bc6f0b8a0,llama3.1:8b,ollama,482,98,580,13319.88,SUCCESS,planner_agent
2025-12-15T12:31:11.858991,4452662d-3e87-4e9b-ad66-2f093c023769,ff83a3da-bbd1-4de9-9ce2-a507c0404a9e,llama3.1:8b,ollama,92,3,95,971.75,SUCCESS,city_resolver
2025-12-15T12:31:20.078628,4452662d-3e87-4e9b-ad66-2f093c023769,8d31b976-307f-440e-aa8b-a47df56ef5d7,llama3.1:8b,ollama,269,87,356,7919.96,SUCCESS,passenger_agent
2025-12-15T12:31:34.794438,4452662d-3e87-4e9b-ad66-2f093c023769,ab2586b0-909f-4c70-a890-4f65b6e45839,llama3.1:8b,ollama,554,72,626,9671.22,SUCCESS,flight_agent
2025-12-15T12:31:56.917709,4452662d-3e87-4e9b-ad66-2f093c023769,02fb6607-a7ab-4bd1-b868-99e022f93d18,llama3.1:8b,ollama,1141,133,1274,19722.09,SUCCESS,hotel_agent
2025-12-15T12:32:58.191717,4452662d-3e87-4e9b-ad66-2f093c023769,06619aa2-22cb-4385-910a-4ef7a3575d3b,llama3.1:8b,ollama,385,697,1082,60374.54,SUCCESS,compiler
2025-12-15T12:33:18.670725,4452662d-3e87-4e9b-ad66-2f093c023769,248d55e9-a5f0-48e1-88fc-531c6b2618b4,llama3.1:8b,ollama,887,117,1004,20470.69,SUCCESS,reviewer
2025-12-15T12:34:23.209736,4452662d-3e87-4e9b-ad66-2f093c023769,bde41a00-5221-4fdd-ac5a-57cf4fe38ec0,llama3.1:8b,ollama,522,489,1011,64465.23,SUCCESS,compiler
2025-12-15T12:34:41.725293,4452662d-3e87-4e9b-ad66-2f093c023769,5f06002a-812f-4a3d-99ca-e29bd6bf221d,llama3.1:8b,ollama,679,113,792,18508.60,SUCCESS,reviewer
2025-12-15T12:35:37.320274,4452662d-3e87-4e9b-ad66-2f093c023769,6519864a-57ed-4286-89d6-8188fdf7eb8c,llama3.1:8b,ollama,518,434,952,55519.11,SUCCESS,compiler
2025-12-15T12:36:00.026631,4452662d-3e87-4e9b-ad66-2f093c023769,098d1259-4a73-43b2-83f6-45d13b268ac5,llama3.1:8b,ollama,624,140,764,22697.66,SUCCESS,reviewer
2025-12-15T12:36:24.533825,4452662d-3e87-4e9b-ad66-2f093c023769,ab97f9ee-5672-4efe-a166-2dd9048d22e4,llama3.1:8b,ollama,882,165,1047,24491.27,SUCCESS,seq:step:2
2025-12-15T12:36:37.660719,69140083-d519-45aa-8cc2-77a92174c50d,3ad424c5-e490-4328-987a-0c11498dce17,llama3.1:8b,ollama,478,100,578,13119.64,SUCCESS,planner_agent
2025-12-15T12:36:39.393571,69140083-d519-45aa-8cc2-77a92174c50d,d6c888c8-64cb-4289-9d61-807af9ea34e4,llama3.1:8b,ollama,85,2,87,922.70,SUCCESS,city_resolver
2025-12-15T12:36:48.134446,69140083-d519-45aa-8cc2-77a92174c50d,def38e34-eb73-4367-b7b1-a7a988f6a46d,llama3.1:8b,ollama,265,77,342,8735.55,SUCCESS,passenger_agent
2025-12-15T12:37:04.452642,69140083-d519-45aa-8cc2-77a92174c50d,ae4a3833-d365-4676-bcdc-18f4ce1e694d,llama3.1:8b,ollama,486,122,608,14186.39,SUCCESS,seq:step:2
2025-12-15T12:37:16.765570,4106effa-3624-4289-943e-d0a0fffb9ad9,8d80fffc-b5ab-4e48-b9fc-746de6a4b0f1,llama3.1:8b,ollama,464,92,556,12304.47,SUCCESS,planner_agent
2025-12-15T12:37:18.600562,4106effa-3624-4289-943e-d0a0fffb9ad9,f1f10953-a7e7-4c5b-854c-1052d404dbd7,llama3.1:8b,ollama,103,3,106,1318.45,SUCCESS,city_resolver
2025-12-15T12:37:33.108661,4106effa-3624-4289-943e-d0a0fffb9ad9,1251818f-8355-45c3-847d-fac6c09ca3ba,llama3.1:8b,ollama,251,136,387,14199.24,SUCCESS,passenger_agent
2025-12-15T12:37:49.748339,4106effa-3624-4289-943e-d0a0fffb9ad9,72a6fb04-95da-4bfc-b839-d9e7b6a98559,llama3.1:8b,ollama,790,64,854,10083.54,SUCCESS,flight_agent
2025-12-15T12:38:12.014677,4106effa-3624-4289-943e-d0a0fffb9ad9,e839b071-92d9-424f-b597-67f108bf1e79,llama3.1:8b,ollama,1094,93,1187,14999.79,SUCCESS,hotel_agent
2025-12-15T12:39:11.129391,4106effa-3624-4289-943e-d0a0fffb9ad9,f026b4d8-4929-4e44-b4d7-5fa3bae521e2,llama3.1:8b,ollama,412,550,962,57585.68,SUCCESS,compiler
2025-12-15T12:39:34.000762,4106effa-3624-4289-943e-d0a0fffb9ad9,f81988e4-94d4-45d1-9a66-2560c0cf8fab,llama3.1:8b,ollama,738,175,913,22858.33,SUCCESS,reviewer
2025-12-15T12:40:30.898834,4106effa-3624-4289-943e-d0a0fffb9ad9,2f889195-4b16-4117-91fc-1d699de9892b,llama3.1:8b,ollama,607,552,1159,56678.38,SUCCESS,compiler
2025-12-15T12:40:42.126921,4106effa-3624-4289-943e-d0a0fffb9ad9,d9019268-e2c4-4e49-a03c-e667c64c48b1,llama3.1:8b,ollama,740,57,797,11217.07,SUCCESS,reviewer
2025-12-15T12:41:31.857026,4106effa-3624-4289-943e-d0a0fffb9ad9,a910cfd9-acef-447e-b073-e6663953330a,llama3.1:8b,ollama,489,493,982,49504.25,SUCCESS,compiler
2025-12-15T12:41:46.029697,4106effa-3624-4289-943e-d0a0fffb9ad9,20855696-3522-43cb-bf28-554a09f5eda3,llama3.1:8b,ollama,681,90,771,14163.60,SUCCESS,reviewer
2025-12-15T12:42:12.385453,4106effa-3624-4289-943e-d0a0fffb9ad9,03cc5c09-436f-4e85-bea4-2928b669aa44,llama3.1:8b,ollama,923,188,1111,26344.14,SUCCESS,seq:step:2
2025-12-15T12:42:25.706295,e385f3cf-5ae3-4105-89bf-730f80ccbc3c,c10b3e13-7678-43f7-8bea-30e82b5e28f3,llama3.1:8b,ollama,473,95,568,13315.97,SUCCESS,planner_agent
2025-12-15T12:42:27.355389,e385f3cf-5ae3-4105-89bf-730f80ccbc3c,6ea7bbf8-bd48-411d-8f62-2ef2bd7ebdcc,llama3.1:8b,ollama,89,3,92,1106.87,SUCCESS,city_resolver
2025-12-15T12:42:43.445079,e385f3cf-5ae3-4105-89bf-730f80ccbc3c,0d904085-5c04-480a-944b-f5177e0efffe,llama3.1:8b,ollama,260,149,409,16083.22,SUCCESS,passenger_agent
2025-12-15T12:43:04.215577,e385f3cf-5ae3-4105-89bf-730f80ccbc3c,748a8045-ee95-4be6-8602-1ad6e7a0089b,llama3.1:8b,ollama,793,71,864,10744.97,SUCCESS,flight_agent
2025-12-15T12:43:21.706211,e385f3cf-5ae3-4105-89bf-730f80ccbc3c,1e7cd8cc-a8ca-4dc4-bbbd-5613538c500e,llama3.1:8b,ollama,676,105,781,12366.78,SUCCESS,hotel_agent
2025-12-15T12:43:58.491480,e385f3cf-5ae3-4105-89bf-730f80ccbc3c,50efebec-caf8-4ff2-82a7-2ba41a7451fc,llama3.1:8b,ollama,305,355,660,36451.53,SUCCESS,compiler
2025-12-15T12:44:13.765084,e385f3cf-5ae3-4105-89bf-730f80ccbc3c,7e1e239b-ab0f-4b42-a0d2-1b4a0a32ab5d,llama3.1:8b,ollama,546,103,649,15266.12,SUCCESS,reviewer
2025-12-15T12:45:10.961920,e385f3cf-5ae3-4105-89bf-730f80ccbc3c,b7ee0632-0e15-4ed8-aaa2-48d453c0e7c0,llama3.1:8b,ollama,428,560,988,57035.52,SUCCESS,compiler
2025-12-15T12:45:36.725944,e385f3cf-5ae3-4105-89bf-730f80ccbc3c,808ff0a2-9fc5-4863-b0ff-96807da32844,llama3.1:8b,ollama,751,202,953,25754.49,SUCCESS,reviewer
2025-12-15T12:46:17.718048,e385f3cf-5ae3-4105-89bf-730f80ccbc3c,e56bbae2-6117-4ef0-aaf0-a09539860b4a,llama3.1:8b,ollama,528,381,909,40847.17,SUCCESS,compiler
2025-12-15T12:46:31.521896,e385f3cf-5ae3-4105-89bf-730f80ccbc3c,3202b7cc-9493-44ab-8754-7d7faef010a2,llama3.1:8b,ollama,572,103,675,13795.07,SUCCESS,reviewer
2025-12-15T12:47:03.718526,e385f3cf-5ae3-4105-89bf-730f80ccbc3c,b402c663-6002-448c-9941-e8c38951a168,llama3.1:8b,ollama,820,265,1085,32182.20,SUCCESS,seq:step:2
2025-12-15T12:47:16.706602,a8cc0445-b283-44fc-9357-969ce343b68a,7701dc92-60ad-428a-a6c6-fc9695144014,llama3.1:8b,ollama,470,98,568,12979.40,SUCCESS,planner_agent
2025-12-15T12:47:18.428092,a8cc0445-b283-44fc-9357-969ce343b68a,91012b85-1476-4e96-bf4b-92b6aaada12d,llama3.1:8b,ollama,91,3,94,1070.64,SUCCESS,city_resolver
2025-12-15T12:47:28.072007,a8cc0445-b283-44fc-9357-969ce343b68a,cf7a4d1f-56d0-4d7f-a5de-34531ddc11e2,llama3.1:8b,ollama,257,86,343,9636.91,SUCCESS,passenger_agent
2025-12-15T12:47:42.829073,a8cc0445-b283-44fc-9357-969ce343b68a,351a8061-894e-42e9-ae6d-32b249c3558e,llama3.1:8b,ollama,790,59,849,10322.27,SUCCESS,flight_agent
2025-12-15T12:47:59.172022,a8cc0445-b283-44fc-9357-969ce343b68a,8eb63c04-5830-4c23-98dd-ffb350987a01,llama3.1:8b,ollama,652,111,763,14989.21,SUCCESS,hotel_agent
2025-12-15T12:48:55.362049,a8cc0445-b283-44fc-9357-969ce343b68a,448d9d4c-c8f6-40f0-a6b8-42b5dda85f23,llama3.1:8b,ollama,303,561,864,55874.46,SUCCESS,compiler
2025-12-15T12:49:14.143851,a8cc0445-b283-44fc-9357-969ce343b68a,860c61b6-ec1e-41da-b689-af7dd6cf8c2c,llama3.1:8b,ollama,749,133,882,18770.89,SUCCESS,reviewer
2025-12-15T12:50:21.548548,a8cc0445-b283-44fc-9357-969ce343b68a,77c57ead-ced7-49c4-b083-2c8252f5f0d4,llama3.1:8b,ollama,456,642,1098,67238.80,SUCCESS,compiler
2025-12-15T12:50:41.468163,a8cc0445-b283-44fc-9357-969ce343b68a,57d85d92-57d0-4bc6-b480-0a149a4cff73,llama3.1:8b,ollama,830,134,964,19912.07,SUCCESS,reviewer
2025-12-15T12:51:51.213565,a8cc0445-b283-44fc-9357-969ce343b68a,7bdba295-4e06-4fba-a749-58ecfcee12fa,llama3.1:8b,ollama,457,700,1157,69534.25,SUCCESS,compiler
2025-12-15T12:52:14.848073,a8cc0445-b283-44fc-9357-969ce343b68a,05d989a2-8d5e-4357-99ce-27397f076900,llama3.1:8b,ollama,888,172,1060,23623.85,SUCCESS,reviewer
2025-12-15T12:52:38.563193,a8cc0445-b283-44fc-9357-969ce343b68a,1574afe2-c1a1-41d8-8ed2-6c92a37e8542,llama3.1:8b,ollama,1136,150,1286,23699.04,SUCCESS,seq:step:2
2025-12-15T12:52:51.140929,38277b25-41da-4412-ac2a-bd80694cd2fe,419a7566-5d54-44fb-a874-723de845af01,llama3.1:8b,ollama,469,93,562,12568.71,SUCCESS,planner_agent
2025-12-15T12:52:52.978218,38277b25-41da-4412-ac2a-bd80694cd2fe,4cb30228-1f2d-44a7-85ed-89afc1799d72,llama3.1:8b,ollama,83,3,86,1062.10,SUCCESS,city_resolver
2025-12-15T12:53:07.018178,38277b25-41da-4412-ac2a-bd80694cd2fe,806b02ef-85c7-4cc2-a482-85ee4810c2bf,llama3.1:8b,ollama,256,131,387,14034.26,SUCCESS,passenger_agent
2025-12-15T12:53:29.814211,38277b25-41da-4412-ac2a-bd80694cd2fe,96bf5366-68a7-4183-b01a-4e8b9ad323f8,llama3.1:8b,ollama,790,64,854,10163.59,SUCCESS,flight_agent
2025-12-15T12:53:42.909083,38277b25-41da-4412-ac2a-bd80694cd2fe,518768ac-616e-475a-acfd-65d4780f6221,llama3.1:8b,ollama,498,97,595,10448.79,SUCCESS,hotel_agent
2025-12-15T12:54:38.823235,38277b25-41da-4412-ac2a-bd80694cd2fe,4da65469-4d8a-4b46-ae5d-18fe8e86b6a7,llama3.1:8b,ollama,414,524,938,54725.10,SUCCESS,compiler
2025-12-15T12:54:51.709189,38277b25-41da-4412-ac2a-bd80694cd2fe,b237880f-c7e0-4de0-8067-df4f2c9b7416,llama3.1:8b,ollama,713,64,777,12877.43,SUCCESS,reviewer
2025-12-15T12:55:44.885875,38277b25-41da-4412-ac2a-bd80694cd2fe,50339f78-1470-475d-a6e3-bb3ae50b6cda,llama3.1:8b,ollama,498,525,1023,53096.04,SUCCESS,compiler
2025-12-15T12:56:00.784352,38277b25-41da-4412-ac2a-bd80694cd2fe,3fd7c51d-b87b-4dbf-b060-fbbbe7e75627,llama3.1:8b,ollama,714,107,821,15888.57,SUCCESS,reviewer
2025-12-15T12:57:09.079752,38277b25-41da-4412-ac2a-bd80694cd2fe,3faa852c-3911-45d0-b5e9-487e306f13b1,llama3.1:8b,ollama,541,673,1214,68216.02,SUCCESS,compiler
2025-12-15T12:57:23.882281,38277b25-41da-4412-ac2a-bd80694cd2fe,c1b3a34a-47f0-4dba-8a71-35c6f9560412,llama3.1:8b,ollama,862,84,946,14793.97,SUCCESS,reviewer
2025-12-15T12:58:04.044700,38277b25-41da-4412-ac2a-bd80694cd2fe,c2d73d21-42dc-4cee-8d0d-081020fb1ff1,llama3.1:8b,ollama,1107,310,1417,40148.65,SUCCESS,seq:step:2
2025-12-15T12:58:17.284167,6ad6038b-3ef6-457a-99b2-829d61a13c9e,e7dcc784-29eb-4b85-bdd4-4bea406357ae,llama3.1:8b,ollama,464,101,565,13230.56,SUCCESS,planner_agent
2025-12-15T12:58:19.213925,6ad6038b-3ef6-457a-99b2-829d61a13c9e,12e332b7-d4ae-4a77-b963-cdb1742be328,llama3.1:8b,ollama,87,3,90,1065.24,SUCCESS,city_resolver
2025-12-15T12:58:34.134103,6ad6038b-3ef6-457a-99b2-829d61a13c9e,ef9c3b1f-9650-4a83-b60c-2d6693176f36,llama3.1:8b,ollama,251,147,398,14914.69,SUCCESS,passenger_agent
2025-12-15T12:58:52.879683,6ad6038b-3ef6-457a-99b2-829d61a13c9e,18856b2d-2f5b-41f0-8380-72c6bb69ad93,llama3.1:8b,ollama,784,60,844,9946.69,SUCCESS,flight_agent
2025-12-15T12:59:04.816640,6ad6038b-3ef6-457a-99b2-829d61a13c9e,35ae0346-f523-4418-be80-44032b216fa0,llama3.1:8b,ollama,451,86,537,9675.49,SUCCESS,seq:step:2
2025-12-15T12:59:17.832236,f2bcc326-20ab-43cf-b654-869fdc96aa04,143696bf-4de0-4b91-a5c0-6b0e0172d5e9,llama3.1:8b,ollama,468,99,567,13005.58,SUCCESS,planner_agent
2025-12-15T12:59:19.583388,f2bcc326-20ab-43cf-b654-869fdc96aa04,309d9713-2085-4896-965d-b7a747113ffd,llama3.1:8b,ollama,93,3,96,1015.92,SUCCESS,city_resolver
2025-12-15T12:59:37.033763,f2bcc326-20ab-43cf-b654-869fdc96aa04,7e0731ab-1266-4baf-98dc-e2c72e0ad8b2,llama3.1:8b,ollama,255,165,420,17444.92,SUCCESS,passenger_agent
2025-12-15T12:59:51.517567,f2bcc326-20ab-43cf-b654-869fdc96aa04,7d03fcc7-99cc-4fd4-89dc-68164f56d247,llama3.1:8b,ollama,790,65,855,11850.13,SUCCESS,flight_agent
2025-12-15T13:00:08.690730,f2bcc326-20ab-43cf-b654-869fdc96aa04,6212c443-2db1-4528-9bc1-40b0440ec046,llama3.1:8b,ollama,677,111,788,15918.25,SUCCESS,hotel_agent
2025-12-15T13:00:57.788646,f2bcc326-20ab-43cf-b654-869fdc96aa04,67626047-5fb5-4f6b-b032-a4ec4b3e5aa7,llama3.1:8b,ollama,304,491,795,48394.18,SUCCESS,compiler
2025-12-15T13:01:16.068926,f2bcc326-20ab-43cf-b654-869fdc96aa04,213dd243-f178-4343-93a6-0b31b2cb05de,llama3.1:8b,ollama,678,137,815,18269.48,SUCCESS,reviewer
2025-12-15T13:02:12.170569,f2bcc326-20ab-43cf-b654-869fdc96aa04,3e45a464-7cf5-49d5-b935-6dbad7c47b21,llama3.1:8b,ollama,461,558,1019,55955.38,SUCCESS,compiler
2025-12-15T13:02:28.728966,f2bcc326-20ab-43cf-b654-869fdc96aa04,a64fe1e1-5a0a-4b1f-88af-1a7021cf63b4,llama3.1:8b,ollama,745,111,856,16548.58,SUCCESS,reviewer
2025-12-15T13:02:56.777803,f2bcc326-20ab-43cf-b654-869fdc96aa04,941f60b7-2cba-4cc3-8e06-5b3941505de5,llama3.1:8b,ollama,991,211,1202,28033.99,SUCCESS,seq:step:2
2025-12-15T13:03:10.011360,ff7d4b3d-220c-4e52-8ea7-1bf027cb2872,46c27e3e-845a-4926-9611-bee14dbc138b,llama3.1:8b,ollama,466,95,561,13223.20,SUCCESS,planner_agent
2025-12-15T13:03:12.113056,ff7d4b3d-220c-4e52-8ea7-1bf027cb2872,6c4ad063-b6b0-4c12-9ca4-e7d125ea4130,llama3.1:8b,ollama,103,3,106,1608.73,SUCCESS,city_resolver
2025-12-15T13:03:27.315089,ff7d4b3d-220c-4e52-8ea7-1bf027cb2872,7b026f6e-bdf7-448a-b1a8-88d45ef9f58c,llama3.1:8b,ollama,253,135,388,14933.27,SUCCESS,passenger_agent
2025-12-15T13:03:48.160248,ff7d4b3d-220c-4e52-8ea7-1bf027cb2872,a5fe3bbf-8559-4488-8b23-79c7b949acf2,llama3.1:8b,ollama,794,60,854,9867.48,SUCCESS,flight_agent
2025-12-15T13:04:05.531734,ff7d4b3d-220c-4e52-8ea7-1bf027cb2872,7ebaab7d-6f38-4d05-af79-dc5a1ff4bcd9,llama3.1:8b,ollama,944,105,1049,14677.11,SUCCESS,hotel_agent
2025-12-15T13:04:52.590422,ff7d4b3d-220c-4e52-8ea7-1bf027cb2872,d66db0fd-5013-4121-ad9d-d7444fa0715d,llama3.1:8b,ollama,300,451,751,46974.69,SUCCESS,compiler
2025-12-15T13:05:06.497318,ff7d4b3d-220c-4e52-8ea7-1bf027cb2872,68d740d8-41de-4b48-98d7-434749b95f38,llama3.1:8b,ollama,637,89,726,13896.47,SUCCESS,reviewer
2025-12-15T13:06:01.832130,ff7d4b3d-220c-4e52-8ea7-1bf027cb2872,196d0d4e-80b6-4019-a9c0-37894d1d6493,llama3.1:8b,ollama,409,555,964,55255.06,SUCCESS,compiler
2025-12-15T13:06:18.439095,ff7d4b3d-220c-4e52-8ea7-1bf027cb2872,85ad9d43-ed32-48ec-8a05-98a51e1f6f4a,llama3.1:8b,ollama,741,116,857,16596.68,SUCCESS,reviewer
2025-12-15T13:07:17.623431,ff7d4b3d-220c-4e52-8ea7-1bf027cb2872,dc866392-156e-4050-9309-c15bfb3ed68f,llama3.1:8b,ollama,436,589,1025,59102.47,SUCCESS,compiler
2025-12-15T13:07:36.823999,ff7d4b3d-220c-4e52-8ea7-1bf027cb2872,bdc1e764-a925-4b23-bb60-0e7f287eb680,llama3.1:8b,ollama,775,135,910,19190.71,SUCCESS,reviewer
2025-12-15T13:07:58.615794,ff7d4b3d-220c-4e52-8ea7-1bf027cb2872,781924c4-0581-4eba-97e8-659c65cb1b6c,llama3.1:8b,ollama,1021,138,1159,21778.91,SUCCESS,seq:step:2
2025-12-15T13:08:11.504474,9524a4cc-92de-41d0-9e65-a818fd0f530a,3a79c055-3718-42fc-a61d-a7cdac193431,llama3.1:8b,ollama,479,97,576,12878.30,SUCCESS,planner_agent
2025-12-15T13:08:20.898314,9524a4cc-92de-41d0-9e65-a818fd0f530a,8d2fc676-4b6a-4d4f-a8d0-eefe2562d741,llama3.1:8b,ollama,266,70,336,8507.07,SUCCESS,passenger_agent
2025-12-15T13:08:32.256121,9524a4cc-92de-41d0-9e65-a818fd0f530a,f65d3526-0eba-4e98-8b17-b298b5bedde6,llama3.1:8b,ollama,460,78,538,11327.41,SUCCESS,seq:step:2
2025-12-15T13:08:44.679822,88de8e13-1b1c-4c26-ac9c-0c7f311b386b,639ff560-d013-4150-82d1-fb07e96a7664,llama3.1:8b,ollama,460,89,549,12413.58,SUCCESS,planner_agent
2025-12-15T13:08:46.451791,88de8e13-1b1c-4c26-ac9c-0c7f311b386b,4522be73-f3ec-4b01-a5e3-87b6840e3de1,llama3.1:8b,ollama,103,3,106,1339.04,SUCCESS,city_resolver
2025-12-15T13:08:47.736418,88de8e13-1b1c-4c26-ac9c-0c7f311b386b,4c6e29fa-fd4d-4908-8aaf-a3db6fe0a1b8,llama3.1:8b,ollama,83,3,86,1015.59,SUCCESS,city_resolver
2025-12-15T13:08:56.795617,88de8e13-1b1c-4c26-ac9c-0c7f311b386b,8fb7f5ef-9c28-4ee4-b97a-c2dc373cf280,llama3.1:8b,ollama,247,75,322,9053.96,SUCCESS,passenger_agent
2025-12-15T13:09:11.703114,88de8e13-1b1c-4c26-ac9c-0c7f311b386b,a1ab8a75-58bc-416c-a046-b0b0cca354f0,llama3.1:8b,ollama,790,59,849,11187.61,SUCCESS,flight_agent
2025-12-15T13:09:43.461602,88de8e13-1b1c-4c26-ac9c-0c7f311b386b,5e0e0a06-2f3f-4e90-af39-c4fec7941a71,llama3.1:8b,ollama,1105,96,1201,15194.10,SUCCESS,hotel_agent
2025-12-15T13:10:32.062305,88de8e13-1b1c-4c26-ac9c-0c7f311b386b,fedf1356-0305-4bf2-8436-d0b18dc392b6,llama3.1:8b,ollama,301,471,772,47854.44,SUCCESS,compiler
2025-12-15T13:10:52.577103,88de8e13-1b1c-4c26-ac9c-0c7f311b386b,f5220ec4-4748-41f3-b2ef-30144241609d,llama3.1:8b,ollama,661,145,806,20506.10,SUCCESS,reviewer
2025-12-15T13:11:54.478586,88de8e13-1b1c-4c26-ac9c-0c7f311b386b,f8690221-0eda-41bc-a09e-fa7461e18f2f,llama3.1:8b,ollama,466,600,1066,61822.54,SUCCESS,compiler
2025-12-15T13:12:15.365968,88de8e13-1b1c-4c26-ac9c-0c7f311b386b,3d1a167a-eafd-4787-abf2-2613d8a09608,llama3.1:8b,ollama,790,155,945,20877.90,SUCCESS,reviewer
2025-12-15T13:13:20.724252,88de8e13-1b1c-4c26-ac9c-0c7f311b386b,19e8188b-7a63-4bff-8804-c84935833821,llama3.1:8b,ollama,476,661,1137,65247.79,SUCCESS,compiler
2025-12-15T13:13:42.666237,88de8e13-1b1c-4c26-ac9c-0c7f311b386b,6a1f8ea5-7af0-49fe-9cd0-5ce2e1469041,llama3.1:8b,ollama,851,159,1010,21931.02,SUCCESS,reviewer
2025-12-15T13:14:10.046380,88de8e13-1b1c-4c26-ac9c-0c7f311b386b,70d899a1-5438-4ba8-8b53-ef040f007e6f,llama3.1:8b,ollama,1087,190,1277,27364.27,SUCCESS,seq:step:2
2025-12-15T13:14:23.216233,82a9da02-ec25-460b-9f3d-21956a1e867c,c3d93587-b629-48ef-97c0-75107fd123a5,llama3.1:8b,ollama,464,100,564,13160.65,SUCCESS,planner_agent
2025-12-15T13:14:24.512842,82a9da02-ec25-460b-9f3d-21956a1e867c,c9eb7052-b0ad-4cbc-8084-f5e5d32e7da0,llama3.1:8b,ollama,89,2,91,1014.79,SUCCESS,city_resolver
2025-12-15T13:14:25.866922,82a9da02-ec25-460b-9f3d-21956a1e867c,14fabfdf-7ed6-4093-9af5-8cad32908879,llama3.1:8b,ollama,93,3,96,1132.16,SUCCESS,city_resolver
2025-12-15T13:14:35.480477,82a9da02-ec25-460b-9f3d-21956a1e867c,2f06478a-93a2-4ae5-bb72-8cf9cae1fed4,llama3.1:8b,ollama,251,85,336,9608.08,SUCCESS,passenger_agent
2025-12-15T13:14:49.371531,82a9da02-ec25-460b-9f3d-21956a1e867c,8833b6af-4e82-46aa-ab2e-149f50e80fee,llama3.1:8b,ollama,471,101,572,13473.53,SUCCESS,seq:step:2
2025-12-15T13:15:02.108203,82aa1d6d-ba6d-4004-bcb0-531b76ef47bb,6046fa00-72fb-4018-a952-7d1f3d5d0b5c,llama3.1:8b,ollama,472,95,567,12728.67,SUCCESS,planner_agent
2025-12-15T13:15:03.711447,82aa1d6d-ba6d-4004-bcb0-531b76ef47bb,f7134911-f0fd-422f-abeb-762712fbfb35,llama3.1:8b,ollama,93,3,96,987.61,SUCCESS,city_resolver
2025-12-15T13:15:18.695463,82aa1d6d-ba6d-4004-bcb0-531b76ef47bb,d74d5cbe-4f7a-4fbc-9066-21e2efd29752,llama3.1:8b,ollama,259,143,402,14977.37,SUCCESS,passenger_agent
2025-12-15T13:15:32.684434,82aa1d6d-ba6d-4004-bcb0-531b76ef47bb,ec267d00-92fc-4f41-99fb-cf3ede271882,llama3.1:8b,ollama,696,59,755,9491.96,SUCCESS,flight_agent
2025-12-15T13:15:52.687037,82aa1d6d-ba6d-4004-bcb0-531b76ef47bb,6141065b-555a-4332-ac37-ed2c6a75e459,llama3.1:8b,ollama,459,79,538,8998.13,SUCCESS,seq:step:2
2025-12-15T13:16:03.552101,9bc89092-5600-41ef-820a-041ae4d145d6,df3e075d-ffef-4a86-b8eb-5d113f37f32f,llama3.1:8b,ollama,469,99,568,10855.56,SUCCESS,planner_agent
2025-12-15T13:16:18.169277,9bc89092-5600-41ef-820a-041ae4d145d6,ab3f137c-57c1-4d80-add0-0527d0eaafdf,llama3.1:8b,ollama,256,140,396,14012.77,SUCCESS,passenger_agent
2025-12-15T13:16:33.604939,9bc89092-5600-41ef-820a-041ae4d145d6,249e2e31-7ec0-420e-8cf2-90cd3135795b,llama3.1:8b,ollama,779,65,844,11122.81,SUCCESS,flight_agent
2025-12-15T13:16:54.718896,9bc89092-5600-41ef-820a-041ae4d145d6,7d135640-a56b-4ed0-95bd-eb0d3a23af5e,llama3.1:8b,ollama,790,96,886,19291.17,SUCCESS,hotel_agent
2025-12-15T13:17:59.445590,9bc89092-5600-41ef-820a-041ae4d145d6,8cdc563a-88dc-402c-8c20-6948cef85bf7,llama3.1:8b,ollama,304,654,958,63885.70,SUCCESS,compiler
2025-12-15T13:18:13.150566,9bc89092-5600-41ef-820a-041ae4d145d6,d1f27e80-7fa6-488d-be1a-6ab2802a0267,llama3.1:8b,ollama,840,71,911,13696.26,SUCCESS,reviewer
2025-12-15T13:19:19.905567,9bc89092-5600-41ef-820a-041ae4d145d6,0e95bf29-17bd-4d43-919e-90f4cf0eafb7,llama3.1:8b,ollama,395,686,1081,66648.85,SUCCESS,compiler
2025-12-15T13:19:48.907439,9bc89092-5600-41ef-820a-041ae4d145d6,f2ec3fb5-40c1-4488-b701-b5f5d212eed1,llama3.1:8b,ollama,872,234,1106,28995.34,SUCCESS,reviewer
2025-12-15T13:20:53.054658,9bc89092-5600-41ef-820a-041ae4d145d6,2abf74aa-ff40-4e39-a076-f309bf14bb5a,llama3.1:8b,ollama,559,638,1197,64030.21,SUCCESS,compiler
2025-12-15T13:21:22.555814,9bc89092-5600-41ef-820a-041ae4d145d6,ed654ea3-ad0b-4974-a48f-a64f360ccec2,llama3.1:8b,ollama,824,233,1057,29492.12,SUCCESS,reviewer
2025-12-15T13:21:49.420842,9bc89092-5600-41ef-820a-041ae4d145d6,e5164ece-f194-477a-abb7-74726fa28a54,llama3.1:8b,ollama,1073,188,1261,26849.36,SUCCESS,seq:step:2
2025-12-15T13:22:02.376108,0720d190-c3c5-44bb-af8c-fbe36c43d3ac,bd00b942-0226-476b-983e-6ad27db9e489,llama3.1:8b,ollama,464,99,563,12945.36,SUCCESS,planner_agent
2025-12-15T13:22:04.053359,0720d190-c3c5-44bb-af8c-fbe36c43d3ac,99f9b76d-f4c3-44a0-b55f-de83b891165b,llama3.1:8b,ollama,91,3,94,1088.86,SUCCESS,city_resolver
2025-12-15T13:22:09.268600,0720d190-c3c5-44bb-af8c-fbe36c43d3ac,1f41351b-5f24-4490-86cc-1a59564affe9,llama3.1:8b,ollama,251,38,289,5209.33,SUCCESS,passenger_agent
2025-12-15T13:22:21.577296,0720d190-c3c5-44bb-af8c-fbe36c43d3ac,50851c82-2971-4fec-b615-5bb9ecf4ef0e,llama3.1:8b,ollama,471,91,562,11836.77,SUCCESS,seq:step:2
2025-12-15T13:22:34.209775,aad5b9bd-dd32-4265-bbd3-daa6cd4d2723,b9da1986-59ff-41e2-9bf6-24f72d37ce2b,llama3.1:8b,ollama,461,97,558,12622.82,SUCCESS,planner_agent
2025-12-15T13:22:35.731353,aad5b9bd-dd32-4265-bbd3-daa6cd4d2723,272027e8-6e6d-4587-89a0-cf4d802e33f2,llama3.1:8b,ollama,87,3,90,1074.33,SUCCESS,city_resolver
2025-12-15T13:22:50.171456,aad5b9bd-dd32-4265-bbd3-daa6cd4d2723,ac8d7f16-0fac-469c-989e-c019621c2876,llama3.1:8b,ollama,248,142,390,14432.97,SUCCESS,passenger_agent
2025-12-15T13:23:02.650948,aad5b9bd-dd32-4265-bbd3-daa6cd4d2723,19857fbe-1800-4f94-8c1b-8f6b144a9ced,llama3.1:8b,ollama,469,90,559,11926.75,SUCCESS,seq:step:2
2025-12-15T13:23:14.914703,a7bb9325-1176-479a-b5fc-115471c2f032,229d81b9-cc84-4fa4-9f9c-5658fd917beb,llama3.1:8b,ollama,457,92,549,12253.77,SUCCESS,planner_agent
2025-12-15T13:23:16.367172,a7bb9325-1176-479a-b5fc-115471c2f032,21928b00-c318-422b-b5c0-b0a4869f08c9,llama3.1:8b,ollama,91,3,94,1062.46,SUCCESS,city_resolver
2025-12-15T13:23:34.404710,a7bb9325-1176-479a-b5fc-115471c2f032,6a8dfcde-1bab-490e-8347-c03c1e2c2bf8,llama3.1:8b,ollama,244,179,423,18030.30,SUCCESS,passenger_agent
2025-12-15T13:23:47.997279,a7bb9325-1176-479a-b5fc-115471c2f032,0c8cbe2f-7559-4088-9121-8bf3393b4ec6,llama3.1:8b,ollama,663,67,730,10377.77,SUCCESS,flight_agent
2025-12-15T13:24:00.275783,a7bb9325-1176-479a-b5fc-115471c2f032,3a9eec9d-5f15-4ed0-9c31-fd31a6d6e2ed,llama3.1:8b,ollama,444,85,529,10281.37,SUCCESS,seq:step:2
2025-12-15T13:24:13.173305,2dc194de-715b-4d70-a825-e6c32bd3ce56,ecdd5fec-e9fa-4cee-a69e-c8787cb1b735,llama3.1:8b,ollama,458,98,556,12887.92,SUCCESS,planner_agent
2025-12-15T13:24:14.721095,2dc194de-715b-4d70-a825-e6c32bd3ce56,bd3f54fb-1bb4-4d07-bb92-d84eee8d76cf,llama3.1:8b,ollama,91,3,94,1218.89,SUCCESS,city_resolver
2025-12-15T13:24:16.294945,2dc194de-715b-4d70-a825-e6c32bd3ce56,380274ca-d736-4583-87c1-dda2d2222a47,llama3.1:8b,ollama,89,3,92,1035.46,SUCCESS,city_resolver
2025-12-15T13:24:24.093399,2dc194de-715b-4d70-a825-e6c32bd3ce56,0d49fa90-f8f0-46f3-918b-954d08a69cd9,llama3.1:8b,ollama,245,66,311,7793.26,SUCCESS,passenger_agent
2025-12-15T13:24:36.233221,2dc194de-715b-4d70-a825-e6c32bd3ce56,55ebd48d-4e6b-46b3-8278-1b9be81ab663,llama3.1:8b,ollama,439,90,529,12111.19,SUCCESS,seq:step:2
2025-12-15T13:24:49.440467,9e9493ca-7973-430c-b0d4-84f6fd1289cd,2bb3771d-269b-43ff-a245-a18db92d6869,llama3.1:8b,ollama,467,101,568,13197.65,SUCCESS,planner_agent
2025-12-15T13:25:04.704289,9e9493ca-7973-430c-b0d4-84f6fd1289cd,2dc80cfc-f6d6-47ca-a2ec-19b4543a9b73,llama3.1:8b,ollama,254,141,395,14614.79,SUCCESS,passenger_agent
2025-12-15T13:25:17.059600,9e9493ca-7973-430c-b0d4-84f6fd1289cd,329f3397-c233-4da0-ab95-50ea589a6fd3,llama3.1:8b,ollama,475,87,562,11773.26,SUCCESS,seq:step:2
2025-12-15T13:25:29.628236,b89b1c6f-f966-46b6-8c84-d0c187aa76f5,b3c97bb5-d4d6-47a9-a93a-39b5b279b8d7,llama3.1:8b,ollama,468,97,565,12557.75,SUCCESS,planner_agent
2025-12-15T13:25:31.002259,b89b1c6f-f966-46b6-8c84-d0c187aa76f5,5a84bcc7-3eed-4812-9e80-5b292e004d12,llama3.1:8b,ollama,87,3,90,1072.18,SUCCESS,city_resolver
2025-12-15T13:25:32.389770,b89b1c6f-f966-46b6-8c84-d0c187aa76f5,2fdb5a81-4da6-42b4-a4f8-87990ca55683,llama3.1:8b,ollama,91,3,94,1041.43,SUCCESS,city_resolver
2025-12-15T13:25:47.990333,b89b1c6f-f966-46b6-8c84-d0c187aa76f5,321f22ae-6691-4e51-891d-7f26727ac10b,llama3.1:8b,ollama,255,150,405,15595.29,SUCCESS,passenger_agent
2025-12-15T13:26:01.962740,b89b1c6f-f966-46b6-8c84-d0c187aa76f5,6b1c32e1-724d-4f41-853d-7e1fe48c3567,llama3.1:8b,ollama,584,81,665,11149.93,SUCCESS,flight_agent
2025-12-15T13:26:20.652475,b89b1c6f-f966-46b6-8c84-d0c187aa76f5,1b5018f8-3256-476b-913b-fa5493008514,llama3.1:8b,ollama,837,98,935,14174.85,SUCCESS,hotel_agent
2025-12-15T13:27:09.724072,b89b1c6f-f966-46b6-8c84-d0c187aa76f5,0051aba7-76b4-490a-875f-bb6f7485cbd5,llama3.1:8b,ollama,404,478,882,47922.18,SUCCESS,compiler
2025-12-15T13:27:20.664511,b89b1c6f-f966-46b6-8c84-d0c187aa76f5,1f58c1db-8b93-43df-b029-7845ce77c3d3,llama3.1:8b,ollama,665,58,723,10929.88,SUCCESS,reviewer
2025-12-15T13:28:09.165111,b89b1c6f-f966-46b6-8c84-d0c187aa76f5,2d1494ef-6e42-4598-b067-9f5ca06ea512,llama3.1:8b,ollama,482,476,958,48275.84,SUCCESS,compiler
2025-12-15T13:28:21.568124,b89b1c6f-f966-46b6-8c84-d0c187aa76f5,d04a6033-98ca-468b-a07e-0a24117d196e,llama3.1:8b,ollama,663,76,739,12395.21,SUCCESS,reviewer
2025-12-15T13:29:05.724862,b89b1c6f-f966-46b6-8c84-d0c187aa76f5,7d00616a-acb2-45c3-92b6-9aceafdf0d43,llama3.1:8b,ollama,500,424,924,43938.86,SUCCESS,compiler
2025-12-15T13:29:17.494572,b89b1c6f-f966-46b6-8c84-d0c187aa76f5,8554ae60-cdbc-4017-88b6-ee0e5bf51466,llama3.1:8b,ollama,611,57,668,11758.59,SUCCESS,reviewer
2025-12-15T13:29:42.879303,b89b1c6f-f966-46b6-8c84-d0c187aa76f5,70a7ceb6-e611-4ead-a858-d4834ae4105d,llama3.1:8b,ollama,858,189,1047,25376.02,SUCCESS,seq:step:2
